AGE,2014,2015,2016,2017,2018,2019,2020,2021,2022,2023,2024,2025,2026,2027,2028,2029,2030,2031,2032,2033,2034,2035,2036,2037,2038,2039,2040,2041,2042,2043,2044,2045,2046,2047,2048,2049,2050,2051,2052,2053,2054,2055,2056,2057,2058,2059,2060,2061,2062,2063,2064,2065,2066,2067,2068,2069,2070,2071,2072,2073,2074,2075,2076,2077,2078,2079,2080,2081,2082,2083,2084,2085,2086,2087,2088,2089,2090,2091,2092,2093,2094,2095,2096,2097,2098,2099,2100,2101,2102,2103,2104,2105,2106,2107,2108,2109,2110,2111,2112,2113,2114,2115
0,0,0,0,0,0,0,0,0,0,0,0,0,0,0,0,0,0,0,0,0,0,0,0,0,0,0,0,0,0,0,0,0,0,0,0,0,0,0,0,0,0,0,0,0,0,0,0,0,0,0,0,0,0,0,0,0,0,0,0,0,0,0,0,0,0,0,0,0,0,0,0,0,0,0,0,0,0,0,0,0,0,0,0,0,0,0,0,0,0,0,0,0,0,0,0,0,0,0,0,0,0,0
1,0,0,0,0,0,0,0,0,0,0,0,0,0,0,0,0,0,0,0,0,0,0,0,0,0,0,0,0,0,0,0,0,0,0,0,0,0,0,0,0,0,0,0,0,0,0,0,0,0,0,0,0,0,0,0,0,0,0,0,0,0,0,0,0,0,0,0,0,0,0,0,0,0,0,0,0,0,0,0,0,0,0,0,0,0,0,0,0,0,0,0,0,0,0,0,0,0,0,0,0,0,0
2,0,0,0,0,0,0,0,0,0,0,0,0,0,0,0,0,0,0,0,0,0,0,0,0,0,0,0,0,0,0,0,0,0,0,0,0,0,0,0,0,0,0,0,0,0,0,0,0,0,0,0,0,0,0,0,0,0,0,0,0,0,0,0,0,0,0,0,0,0,0,0,0,0,0,0,0,0,0,0,0,0,0,0,0,0,0,0,0,0,0,0,0,0,0,0,0,0,0,0,0,0,0
3,0,0,0,0,0,0,0,0,0,0,0,0,0,0,0,0,0,0,0,0,0,0,0,0,0,0,0,0,0,0,0,0,0,0,0,0,0,0,0,0,0,0,0,0,0,0,0,0,0,0,0,0,0,0,0,0,0,0,0,0,0,0,0,0,0,0,0,0,0,0,0,0,0,0,0,0,0,0,0,0,0,0,0,0,0,0,0,0,0,0,0,0,0,0,0,0,0,0,0,0,0,0
4,0,0,0,0,0,0,0,0,0,0,0,0,0,0,0,0,0,0,0,0,0,0,0,0,0,0,0,0,0,0,0,0,0,0,0,0,0,0,0,0,0,0,0,0,0,0,0,0,0,0,0,0,0,0,0,0,0,0,0,0,0,0,0,0,0,0,0,0,0,0,0,0,0,0,0,0,0,0,0,0,0,0,0,0,0,0,0,0,0,0,0,0,0,0,0,0,0,0,0,0,0,0
5,0,0,0,0,0,0,0,0,0,0,0,0,0,0,0,0,0,0,0,0,0,0,0,0,0,0,0,0,0,0,0,0,0,0,0,0,0,0,0,0,0,0,0,0,0,0,0,0,0,0,0,0,0,0,0,0,0,0,0,0,0,0,0,0,0,0,0,0,0,0,0,0,0,0,0,0,0,0,0,0,0,0,0,0,0,0,0,0,0,0,0,0,0,0,0,0,0,0,0,0,0,0
6,0,0,0,0,0,0,0,0,0,0,0,0,0,0,0,0,0,0,0,0,0,0,0,0,0,0,0,0,0,0,0,0,0,0,0,0,0,0,0,0,0,0,0,0,0,0,0,0,0,0,0,0,0,0,0,0,0,0,0,0,0,0,0,0,0,0,0,0,0,0,0,0,0,0,0,0,0,0,0,0,0,0,0,0,0,0,0,0,0,0,0,0,0,0,0,0,0,0,0,0,0,0
7,0,0,0,0,0,0,0,0,0,0,0,0,0,0,0,0,0,0,0,0,0,0,0,0,0,0,0,0,0,0,0,0,0,0,0,0,0,0,0,0,0,0,0,0,0,0,0,0,0,0,0,0,0,0,0,0,0,0,0,0,0,0,0,0,0,0,0,0,0,0,0,0,0,0,0,0,0,0,0,0,0,0,0,0,0,0,0,0,0,0,0,0,0,0,0,0,0,0,0,0,0,0
8,0,0,0,0,0,0,0,0,0,0,0,0,0,0,0,0,0,0,0,0,0,0,0,0,0,0,0,0,0,0,0,0,0,0,0,0,0,0,0,0,0,0,0,0,0,0,0,0,0,0,0,0,0,0,0,0,0,0,0,0,0,0,0,0,0,0,0,0,0,0,0,0,0,0,0,0,0,0,0,0,0,0,0,0,0,0,0,0,0,0,0,0,0,0,0,0,0,0,0,0,0,0
9,0,0,0,0,0,0,0,0,0,0,0,0,0,0,0,0,0,0,0,0,0,0,0,0,0,0,0,0,0,0,0,0,0,0,0,0,0,0,0,0,0,0,0,0,0,0,0,0,0,0,0,0,0,0,0,0,0,0,0,0,0,0,0,0,0,0,0,0,0,0,0,0,0,0,0,0,0,0,0,0,0,0,0,0,0,0,0,0,0,0,0,0,0,0,0,0,0,0,0,0,0,0
10,0,0,0,0,0,0,0,0,0,0,0,0,0,0,0,0,0,0,0,0,0,0,0,0,0,0,0,0,0,0,0,0,0,0,0,0,0,0,0,0,0,0,0,0,0,0,0,0,0,0,0,0,0,0,0,0,0,0,0,0,0,0,0,0,0,0,0,0,0,0,0,0,0,0,0,0,0,0,0,0,0,0,0,0,0,0,0,0,0,0,0,0,0,0,0,0,0,0,0,0,0,0
11,0,0,0,0,0,0,0,0,0,0,0,0,0,0,0,0,0,0,0,0,0,0,0,0,0,0,0,0,0,0,0,0,0,0,0,0,0,0,0,0,0,0,0,0,0,0,0,0,0,0,0,0,0,0,0,0,0,0,0,0,0,0,0,0,0,0,0,0,0,0,0,0,0,0,0,0,0,0,0,0,0,0,0,0,0,0,0,0,0,0,0,0,0,0,0,0,0,0,0,0,0,0
12,0,0,0,0,0,0,0,0,0,0,0,0,0,0,0,0,0,0,0,0,0,0,0,0,0,0,0,0,0,0,0,0,0,0,0,0,0,0,0,0,0,0,0,0,0,0,0,0,0,0,0,0,0,0,0,0,0,0,0,0,0,0,0,0,0,0,0,0,0,0,0,0,0,0,0,0,0,0,0,0,0,0,0,0,0,0,0,0,0,0,0,0,0,0,0,0,0,0,0,0,0,0
13,0,0,0,0,0,0,0,0,0,0,0,0,0,0,0,0,0,0,0,0,0,0,0,0,0,0,0,0,0,0,0,0,0,0,0,0,0,0,0,0,0,0,0,0,0,0,0,0,0,0,0,0,0,0,0,0,0,0,0,0,0,0,0,0,0,0,0,0,0,0,0,0,0,0,0,0,0,0,0,0,0,0,0,0,0,0,0,0,0,0,0,0,0,0,0,0,0,0,0,0,0,0
14,0,0,0,0,0,0,0,0,0,0,0,0,0,0,0,0,0,0,0,0,0,0,0,0,0,0,0,0,0,0,0,0,0,0,0,0,0,0,0,0,0,0,0,0,0,0,0,0,0,0,0,0,0,0,0,0,0,0,0,0,0,0,0,0,0,0,0,0,0,0,0,0,0,0,0,0,0,0,0,0,0,0,0,0,0,0,0,0,0,0,0,0,0,0,0,0,0,0,0,0,0,0
15,0,0,0,0,0,0,0,0,0,0,0,0,0,0,0,0,0,0,0,0,0,0,0,0,0,0,0,0,0,0,0,0,0,0,0,0,0,0,0,0,0,0,0,0,0,0,0,0,0,0,0,0,0,0,0,0,0,0,0,0,0,0,0,0,0,0,0,0,0,0,0,0,0,0,0,0,0,0,0,0,0,0,0,0,0,0,0,0,0,0,0,0,0,0,0,0,0,0,0,0,0,0
16,0,0,0,0,0,0,0,0,0,0,0,0,0,0,0,0,0,0,0,0,0,0,0,0,0,0,0,0,0,0,0,0,0,0,0,0,0,0,0,0,0,0,0,0,0,0,0,0,0,0,0,0,0,0,0,0,0,0,0,0,0,0,0,0,0,0,0,0,0,0,0,0,0,0,0,0,0,0,0,0,0,0,0,0,0,0,0,0,0,0,0,0,0,0,0,0,0,0,0,0,0,0
17,0,0,0,0,0,0,0,0,0,0,0,0,0,0,0,0,0,0,0,0,0,0,0,0,0,0,0,0,0,0,0,0,0,0,0,0,0,0,0,0,0,0,0,0,0,0,0,0,0,0,0,0,0,0,0,0,0,0,0,0,0,0,0,0,0,0,0,0,0,0,0,0,0,0,0,0,0,0,0,0,0,0,0,0,0,0,0,0,0,0,0,0,0,0,0,0,0,0,0,0,0,0
18,0,0,0,0,0,0,0,0,0,0,0,0,0,0,0,0,0,0,0,0,0,0,0,0,0,0,0,0,0,0,0,0,0,0,0,0,0,0,0,0,0,0,0,0,0,0,0,0,0,0,0,0,0,0,0,0,0,0,0,0,0,0,0,0,0,0,0,0,0,0,0,0,0,0,0,0,0,0,0,0,0,0,0,0,0,0,0,0,0,0,0,0,0,0,0,0,0,0,0,0,0,0
19,0,0,0,0,0,0,0,0,0,0,0,0,0,0,0,0,0,0,0,0,0,0,0,0,0,0,0,0,0,0,0,0,0,0,0,0,0,0,0,0,0,0,0,0,0,0,0,0,0,0,0,0,0,0,0,0,0,0,0,0,0,0,0,0,0,0,0,0,0,0,0,0,0,0,0,0,0,0,0,0,0,0,0,0,0,0,0,0,0,0,0,0,0,0,0,0,0,0,0,0,0,0
20,238,238,238,238,238,238,238,238,238,238,238,238,238,238,238,238,238,238,238,238,238,238,238,238,238,238,238,238,238,238,238,238,238,238,238,238,238,238,238,238,238,238,238,238,238,238,238,238,238,238,238,238,238,238,238,238,238,238,238,238,238,238,238,238,238,238,238,238,238,238,238,238,238,238,238,238,238,238,238,238,238,238,238,238,238,238,238,238,238,238,238,238,238,238,238,238,238,238,238,238,238,0
21,238,238,238,238,238,238,238,238,238,238,238,238,238,238,238,238,238,238,238,238,238,238,238,238,238,238,238,238,238,238,238,238,238,238,238,238,238,238,238,238,238,238,238,238,238,238,238,238,238,238,238,238,238,238,238,238,238,238,238,238,238,238,238,238,238,238,238,238,238,238,238,238,238,238,238,238,238,238,238,238,238,238,238,238,238,238,238,238,238,238,238,238,238,238,238,238,238,238,238,238,238,0
22,238,238,238,238,238,238,238,238,238,238,238,238,238,238,238,238,238,238,238,238,238,238,238,238,238,238,238,238,238,238,238,238,238,238,238,238,238,238,238,238,238,238,238,238,238,238,238,238,238,238,238,238,238,238,238,238,238,238,238,238,238,238,238,238,238,238,238,238,238,238,238,238,238,238,238,238,238,238,238,238,238,238,238,238,238,238,238,238,238,238,238,238,238,238,238,238,238,238,238,238,238,0
23,238,238,238,238,238,238,238,238,238,238,238,238,238,238,238,238,238,238,238,238,238,238,238,238,238,238,238,238,238,238,238,238,238,238,238,238,238,238,238,238,238,238,238,238,238,238,238,238,238,238,238,238,238,238,238,238,238,238,238,238,238,238,238,238,238,238,238,238,238,238,238,238,238,238,238,238,238,238,238,238,238,238,238,238,238,238,238,238,238,238,238,238,238,238,238,238,238,238,238,238,238,0
24,238,238,238,238,238,238,238,238,238,238,238,238,238,238,238,238,238,238,238,238,238,238,238,238,238,238,238,238,238,238,238,238,238,238,238,238,238,238,238,238,238,238,238,238,238,238,238,238,238,238,238,238,238,238,238,238,238,238,238,238,238,238,238,238,238,238,238,238,238,238,238,238,238,238,238,238,238,238,238,238,238,238,238,238,238,238,238,238,238,238,238,238,238,238,238,238,238,238,238,238,238,0
25,624,624,624,624,624,624,624,624,624,624,624,624,624,624,624,624,624,624,624,624,624,624,624,624,624,624,624,624,624,624,624,624,624,624,624,624,624,624,624,624,624,624,624,624,624,624,624,624,624,624,624,624,624,624,624,624,624,624,624,624,624,624,624,624,624,624,624,624,624,624,624,624,624,624,624,624,624,624,624,624,624,624,624,624,624,624,624,624,624,624,624,624,624,624,624,624,624,624,624,624,624,0
26,624,624,624,624,624,624,624,624,624,624,624,624,624,624,624,624,624,624,624,624,624,624,624,624,624,624,624,624,624,624,624,624,624,624,624,624,624,624,624,624,624,624,624,624,624,624,624,624,624,624,624,624,624,624,624,624,624,624,624,624,624,624,624,624,624,624,624,624,624,624,624,624,624,624,624,624,624,624,624,624,624,624,624,624,624,624,624,624,624,624,624,624,624,624,624,624,624,624,624,624,624,0
27,624,624,624,624,624,624,624,624,624,624,624,624,624,624,624,624,624,624,624,624,624,624,624,624,624,624,624,624,624,624,624,624,624,624,624,624,624,624,624,624,624,624,624,624,624,624,624,624,624,624,624,624,624,624,624,624,624,624,624,624,624,624,624,624,624,624,624,624,624,624,624,624,624,624,624,624,624,624,624,624,624,624,624,624,624,624,624,624,624,624,624,624,624,624,624,624,624,624,624,624,624,0
28,624,624,624,624,624,624,624,624,624,624,624,624,624,624,624,624,624,624,624,624,624,624,624,624,624,624,624,624,624,624,624,624,624,624,624,624,624,624,624,624,624,624,624,624,624,624,624,624,624,624,624,624,624,624,624,624,624,624,624,624,624,624,624,624,624,624,624,624,624,624,624,624,624,624,624,624,624,624,624,624,624,624,624,624,624,624,624,624,624,624,624,624,624,624,624,624,624,624,624,624,624,0
29,624,624,624,624,624,624,624,624,624,624,624,624,624,624,624,624,624,624,624,624,624,624,624,624,624,624,624,624,624,624,624,624,624,624,624,624,624,624,624,624,624,624,624,624,624,624,624,624,624,624,624,624,624,624,624,624,624,624,624,624,624,624,624,624,624,624,624,624,624,624,624,624,624,624,624,624,624,624,624,624,624,624,624,624,624,624,624,624,624,624,624,624,624,624,624,624,624,624,624,624,624,0
30,903,903,903,903,903,903,903,903,903,903,903,903,903,903,903,903,903,903,903,903,903,903,903,903,903,903,903,903,903,903,903,903,903,903,903,903,903,903,903,903,903,903,903,903,903,903,903,903,903,903,903,903,903,903,903,903,903,903,903,903,903,903,903,903,903,903,903,903,903,903,903,903,903,903,903,903,903,903,903,903,903,903,903,903,903,903,903,903,903,903,903,903,903,903,903,903,903,903,903,903,903,0
31,903,903,903,903,903,903,903,903,903,903,903,903,903,903,903,903,903,903,903,903,903,903,903,903,903,903,903,903,903,903,903,903,903,903,903,903,903,903,903,903,903,903,903,903,903,903,903,903,903,903,903,903,903,903,903,903,903,903,903,903,903,903,903,903,903,903,903,903,903,903,903,903,903,903,903,903,903,903,903,903,903,903,903,903,903,903,903,903,903,903,903,903,903,903,903,903,903,903,903,903,903,0
32,903,903,903,903,903,903,903,903,903,903,903,903,903,903,903,903,903,903,903,903,903,903,903,903,903,903,903,903,903,903,903,903,903,903,903,903,903,903,903,903,903,903,903,903,903,903,903,903,903,903,903,903,903,903,903,903,903,903,903,903,903,903,903,903,903,903,903,903,903,903,903,903,903,903,903,903,903,903,903,903,903,903,903,903,903,903,903,903,903,903,903,903,903,903,903,903,903,903,903,903,903,0
33,903,903,903,903,903,903,903,903,903,903,903,903,903,903,903,903,903,903,903,903,903,903,903,903,903,903,903,903,903,903,903,903,903,903,903,903,903,903,903,903,903,903,903,903,903,903,903,903,903,903,903,903,903,903,903,903,903,903,903,903,903,903,903,903,903,903,903,903,903,903,903,903,903,903,903,903,903,903,903,903,903,903,903,903,903,903,903,903,903,903,903,903,903,903,903,903,903,903,903,903,903,0
34,903,903,903,903,903,903,903,903,903,903,903,903,903,903,903,903,903,903,903,903,903,903,903,903,903,903,903,903,903,903,903,903,903,903,903,903,903,903,903,903,903,903,903,903,903,903,903,903,903,903,903,903,903,903,903,903,903,903,903,903,903,903,903,903,903,903,903,903,903,903,903,903,903,903,903,903,903,903,903,903,903,903,903,903,903,903,903,903,903,903,903,903,903,903,903,903,903,903,903,903,903,0
35,1171,1171,1171,1171,1171,1171,1171,1171,1171,1171,1171,1171,1171,1171,1171,1171,1171,1171,1171,1171,1171,1171,1171,1171,1171,1171,1171,1171,1171,1171,1171,1171,1171,1171,1171,1171,1171,1171,1171,1171,1171,1171,1171,1171,1171,1171,1171,1171,1171,1171,1171,1171,1171,1171,1171,1171,1171,1171,1171,1171,1171,1171,1171,1171,1171,1171,1171,1171,1171,1171,1171,1171,1171,1171,1171,1171,1171,1171,1171,1171,1171,1171,1171,1171,1171,1171,1171,1171,1171,1171,1171,1171,1171,1171,1171,1171,1171,1171,1171,1171,1171,0
36,1171,1171,1171,1171,1171,1171,1171,1171,1171,1171,1171,1171,1171,1171,1171,1171,1171,1171,1171,1171,1171,1171,1171,1171,1171,1171,1171,1171,1171,1171,1171,1171,1171,1171,1171,1171,1171,1171,1171,1171,1171,1171,1171,1171,1171,1171,1171,1171,1171,1171,1171,1171,1171,1171,1171,1171,1171,1171,1171,1171,1171,1171,1171,1171,1171,1171,1171,1171,1171,1171,1171,1171,1171,1171,1171,1171,1171,1171,1171,1171,1171,1171,1171,1171,1171,1171,1171,1171,1171,1171,1171,1171,1171,1171,1171,1171,1171,1171,1171,1171,1171,0
37,1171,1171,1171,1171,1171,1171,1171,1171,1171,1171,1171,1171,1171,1171,1171,1171,1171,1171,1171,1171,1171,1171,1171,1171,1171,1171,1171,1171,1171,1171,1171,1171,1171,1171,1171,1171,1171,1171,1171,1171,1171,1171,1171,1171,1171,1171,1171,1171,1171,1171,1171,1171,1171,1171,1171,1171,1171,1171,1171,1171,1171,1171,1171,1171,1171,1171,1171,1171,1171,1171,1171,1171,1171,1171,1171,1171,1171,1171,1171,1171,1171,1171,1171,1171,1171,1171,1171,1171,1171,1171,1171,1171,1171,1171,1171,1171,1171,1171,1171,1171,1171,0
38,1171,1171,1171,1171,1171,1171,1171,1171,1171,1171,1171,1171,1171,1171,1171,1171,1171,1171,1171,1171,1171,1171,1171,1171,1171,1171,1171,1171,1171,1171,1171,1171,1171,1171,1171,1171,1171,1171,1171,1171,1171,1171,1171,1171,1171,1171,1171,1171,1171,1171,1171,1171,1171,1171,1171,1171,1171,1171,1171,1171,1171,1171,1171,1171,1171,1171,1171,1171,1171,1171,1171,1171,1171,1171,1171,1171,1171,1171,1171,1171,1171,1171,1171,1171,1171,1171,1171,1171,1171,1171,1171,1171,1171,1171,1171,1171,1171,1171,1171,1171,1171,0
39,1171,1171,1171,1171,1171,1171,1171,1171,1171,1171,1171,1171,1171,1171,1171,1171,1171,1171,1171,1171,1171,1171,1171,1171,1171,1171,1171,1171,1171,1171,1171,1171,1171,1171,1171,1171,1171,1171,1171,1171,1171,1171,1171,1171,1171,1171,1171,1171,1171,1171,1171,1171,1171,1171,1171,1171,1171,1171,1171,1171,1171,1171,1171,1171,1171,1171,1171,1171,1171,1171,1171,1171,1171,1171,1171,1171,1171,1171,1171,1171,1171,1171,1171,1171,1171,1171,1171,1171,1171,1171,1171,1171,1171,1171,1171,1171,1171,1171,1171,1171,1171,0
40,1639,1639,1639,1639,1639,1639,1639,1639,1639,1639,1639,1639,1639,1639,1639,1639,1639,1639,1639,1639,1639,1639,1639,1639,1639,1639,1639,1639,1639,1639,1639,1639,1639,1639,1639,1639,1639,1639,1639,1639,1639,1639,1639,1639,1639,1639,1639,1639,1639,1639,1639,1639,1639,1639,1639,1639,1639,1639,1639,1639,1639,1639,1639,1639,1639,1639,1639,1639,1639,1639,1639,1639,1639,1639,1639,1639,1639,1639,1639,1639,1639,1639,1639,1639,1639,1639,1639,1639,1639,1639,1639,1639,1639,1639,1639,1639,1639,1639,1639,1639,1639,0
41,1639,1639,1639,1639,1639,1639,1639,1639,1639,1639,1639,1639,1639,1639,1639,1639,1639,1639,1639,1639,1639,1639,1639,1639,1639,1639,1639,1639,1639,1639,1639,1639,1639,1639,1639,1639,1639,1639,1639,1639,1639,1639,1639,1639,1639,1639,1639,1639,1639,1639,1639,1639,1639,1639,1639,1639,1639,1639,1639,1639,1639,1639,1639,1639,1639,1639,1639,1639,1639,1639,1639,1639,1639,1639,1639,1639,1639,1639,1639,1639,1639,1639,1639,1639,1639,1639,1639,1639,1639,1639,1639,1639,1639,1639,1639,1639,1639,1639,1639,1639,1639,0
42,1639,1639,1639,1639,1639,1639,1639,1639,1639,1639,1639,1639,1639,1639,1639,1639,1639,1639,1639,1639,1639,1639,1639,1639,1639,1639,1639,1639,1639,1639,1639,1639,1639,1639,1639,1639,1639,1639,1639,1639,1639,1639,1639,1639,1639,1639,1639,1639,1639,1639,1639,1639,1639,1639,1639,1639,1639,1639,1639,1639,1639,1639,1639,1639,1639,1639,1639,1639,1639,1639,1639,1639,1639,1639,1639,1639,1639,1639,1639,1639,1639,1639,1639,1639,1639,1639,1639,1639,1639,1639,1639,1639,1639,1639,1639,1639,1639,1639,1639,1639,1639,0
43,1638,1638,1638,1638,1638,1638,1638,1638,1638,1638,1638,1638,1638,1638,1638,1638,1638,1638,1638,1638,1638,1638,1638,1638,1638,1638,1638,1638,1638,1638,1638,1638,1638,1638,1638,1638,1638,1638,1638,1638,1638,1638,1638,1638,1638,1638,1638,1638,1638,1638,1638,1638,1638,1638,1638,1638,1638,1638,1638,1638,1638,1638,1638,1638,1638,1638,1638,1638,1638,1638,1638,1638,1638,1638,1638,1638,1638,1638,1638,1638,1638,1638,1638,1638,1638,1638,1638,1638,1638,1638,1638,1638,1638,1638,1638,1638,1638,1638,1638,1638,1638,0
44,1638,1638,1638,1638,1638,1638,1638,1638,1638,1638,1638,1638,1638,1638,1638,1638,1638,1638,1638,1638,1638,1638,1638,1638,1638,1638,1638,1638,1638,1638,1638,1638,1638,1638,1638,1638,1638,1638,1638,1638,1638,1638,1638,1638,1638,1638,1638,1638,1638,1638,1638,1638,1638,1638,1638,1638,1638,1638,1638,1638,1638,1638,1638,1638,1638,1638,1638,1638,1638,1638,1638,1638,1638,1638,1638,1638,1638,1638,1638,1638,1638,1638,1638,1638,1638,1638,1638,1638,1638,1638,1638,1638,1638,1638,1638,1638,1638,1638,1638,1638,1638,0
45,1976,1976,1976,1976,1976,1976,1976,1976,1976,1976,1976,1976,1976,1976,1976,1976,1976,1976,1976,1976,1976,1976,1976,1976,1976,1976,1976,1976,1976,1976,1976,1976,1976,1976,1976,1976,1976,1976,1976,1976,1976,1976,1976,1976,1976,1976,1976,1976,1976,1976,1976,1976,1976,1976,1976,1976,1976,1976,1976,1976,1976,1976,1976,1976,1976,1976,1976,1976,1976,1976,1976,1976,1976,1976,1976,1976,1976,1976,1976,1976,1976,1976,1976,1976,1976,1976,1976,1976,1976,1976,1976,1976,1976,1976,1976,1976,1976,1976,1976,1976,1976,0
46,1976,1976,1976,1976,1976,1976,1976,1976,1976,1976,1976,1976,1976,1976,1976,1976,1976,1976,1976,1976,1976,1976,1976,1976,1976,1976,1976,1976,1976,1976,1976,1976,1976,1976,1976,1976,1976,1976,1976,1976,1976,1976,1976,1976,1976,1976,1976,1976,1976,1976,1976,1976,1976,1976,1976,1976,1976,1976,1976,1976,1976,1976,1976,1976,1976,1976,1976,1976,1976,1976,1976,1976,1976,1976,1976,1976,1976,1976,1976,1976,1976,1976,1976,1976,1976,1976,1976,1976,1976,1976,1976,1976,1976,1976,1976,1976,1976,1976,1976,1976,1976,0
47,1976,1976,1976,1976,1976,1976,1976,1976,1976,1976,1976,1976,1976,1976,1976,1976,1976,1976,1976,1976,1976,1976,1976,1976,1976,1976,1976,1976,1976,1976,1976,1976,1976,1976,1976,1976,1976,1976,1976,1976,1976,1976,1976,1976,1976,1976,1976,1976,1976,1976,1976,1976,1976,1976,1976,1976,1976,1976,1976,1976,1976,1976,1976,1976,1976,1976,1976,1976,1976,1976,1976,1976,1976,1976,1976,1976,1976,1976,1976,1976,1976,1976,1976,1976,1976,1976,1976,1976,1976,1976,1976,1976,1976,1976,1976,1976,1976,1976,1976,1976,1976,0
48,1976,1976,1976,1976,1976,1976,1976,1976,1976,1976,1976,1976,1976,1976,1976,1976,1976,1976,1976,1976,1976,1976,1976,1976,1976,1976,1976,1976,1976,1976,1976,1976,1976,1976,1976,1976,1976,1976,1976,1976,1976,1976,1976,1976,1976,1976,1976,1976,1976,1976,1976,1976,1976,1976,1976,1976,1976,1976,1976,1976,1976,1976,1976,1976,1976,1976,1976,1976,1976,1976,1976,1976,1976,1976,1976,1976,1976,1976,1976,1976,1976,1976,1976,1976,1976,1976,1976,1976,1976,1976,1976,1976,1976,1976,1976,1976,1976,1976,1976,1976,1976,0
49,1976,1976,1976,1976,1976,1976,1976,1976,1976,1976,1976,1976,1976,1976,1976,1976,1976,1976,1976,1976,1976,1976,1976,1976,1976,1976,1976,1976,1976,1976,1976,1976,1976,1976,1976,1976,1976,1976,1976,1976,1976,1976,1976,1976,1976,1976,1976,1976,1976,1976,1976,1976,1976,1976,1976,1976,1976,1976,1976,1976,1976,1976,1976,1976,1976,1976,1976,1976,1976,1976,1976,1976,1976,1976,1976,1976,1976,1976,1976,1976,1976,1976,1976,1976,1976,1976,1976,1976,1976,1976,1976,1976,1976,1976,1976,1976,1976,1976,1976,1976,1976,0
50,2144,2144,2144,2144,2144,2144,2144,2144,2144,2144,2144,2144,2144,2144,2144,2144,2144,2144,2144,2144,2144,2144,2144,2144,2144,2144,2144,2144,2144,2144,2144,2144,2144,2144,2144,2144,2144,2144,2144,2144,2144,2144,2144,2144,2144,2144,2144,2144,2144,2144,2144,2144,2144,2144,2144,2144,2144,2144,2144,2144,2144,2144,2144,2144,2144,2144,2144,2144,2144,2144,2144,2144,2144,2144,2144,2144,2144,2144,2144,2144,2144,2144,2144,2144,2144,2144,2144,2144,2144,2144,2144,2144,2144,2144,2144,2144,2144,2144,2144,2144,2144,0
51,2144,2144,2144,2144,2144,2144,2144,2144,2144,2144,2144,2144,2144,2144,2144,2144,2144,2144,2144,2144,2144,2144,2144,2144,2144,2144,2144,2144,2144,2144,2144,2144,2144,2144,2144,2144,2144,2144,2144,2144,2144,2144,2144,2144,2144,2144,2144,2144,2144,2144,2144,2144,2144,2144,2144,2144,2144,2144,2144,2144,2144,2144,2144,2144,2144,2144,2144,2144,2144,2144,2144,2144,2144,2144,2144,2144,2144,2144,2144,2144,2144,2144,2144,2144,2144,2144,2144,2144,2144,2144,2144,2144,2144,2144,2144,2144,2144,2144,2144,2144,2144,0
52,2144,2144,2144,2144,2144,2144,2144,2144,2144,2144,2144,2144,2144,2144,2144,2144,2144,2144,2144,2144,2144,2144,2144,2144,2144,2144,2144,2144,2144,2144,2144,2144,2144,2144,2144,2144,2144,2144,2144,2144,2144,2144,2144,2144,2144,2144,2144,2144,2144,2144,2144,2144,2144,2144,2144,2144,2144,2144,2144,2144,2144,2144,2144,2144,2144,2144,2144,2144,2144,2144,2144,2144,2144,2144,2144,2144,2144,2144,2144,2144,2144,2144,2144,2144,2144,2144,2144,2144,2144,2144,2144,2144,2144,2144,2144,2144,2144,2144,2144,2144,2144,0
53,2144,2144,2144,2144,2144,2144,2144,2144,2144,2144,2144,2144,2144,2144,2144,2144,2144,2144,2144,2144,2144,2144,2144,2144,2144,2144,2144,2144,2144,2144,2144,2144,2144,2144,2144,2144,2144,2144,2144,2144,2144,2144,2144,2144,2144,2144,2144,2144,2144,2144,2144,2144,2144,2144,2144,2144,2144,2144,2144,2144,2144,2144,2144,2144,2144,2144,2144,2144,2144,2144,2144,2144,2144,2144,2144,2144,2144,2144,2144,2144,2144,2144,2144,2144,2144,2144,2144,2144,2144,2144,2144,2144,2144,2144,2144,2144,2144,2144,2144,2144,2144,0
54,2144,2144,2144,2144,2144,2144,2144,2144,2144,2144,2144,2144,2144,2144,2144,2144,2144,2144,2144,2144,2144,2144,2144,2144,2144,2144,2144,2144,2144,2144,2144,2144,2144,2144,2144,2144,2144,2144,2144,2144,2144,2144,2144,2144,2144,2144,2144,2144,2144,2144,2144,2144,2144,2144,2144,2144,2144,2144,2144,2144,2144,2144,2144,2144,2144,2144,2144,2144,2144,2144,2144,2144,2144,2144,2144,2144,2144,2144,2144,2144,2144,2144,2144,2144,2144,2144,2144,2144,2144,2144,2144,2144,2144,2144,2144,2144,2144,2144,2144,2144,2144,0
55,1804,1804,1804,1804,1804,1804,1804,1804,1804,1804,1804,1804,1804,1804,1804,1804,1804,1804,1804,1804,1804,1804,1804,1804,1804,1804,1804,1804,1804,1804,1804,1804,1804,1804,1804,1804,1804,1804,1804,1804,1804,1804,1804,1804,1804,1804,1804,1804,1804,1804,1804,1804,1804,1804,1804,1804,1804,1804,1804,1804,1804,1804,1804,1804,1804,1804,1804,1804,1804,1804,1804,1804,1804,1804,1804,1804,1804,1804,1804,1804,1804,1804,1804,1804,1804,1804,1804,1804,1804,1804,1804,1804,1804,1804,1804,1804,1804,1804,1804,1804,1804,0
56,1804,1804,1804,1804,1804,1804,1804,1804,1804,1804,1804,1804,1804,1804,1804,1804,1804,1804,1804,1804,1804,1804,1804,1804,1804,1804,1804,1804,1804,1804,1804,1804,1804,1804,1804,1804,1804,1804,1804,1804,1804,1804,1804,1804,1804,1804,1804,1804,1804,1804,1804,1804,1804,1804,1804,1804,1804,1804,1804,1804,1804,1804,1804,1804,1804,1804,1804,1804,1804,1804,1804,1804,1804,1804,1804,1804,1804,1804,1804,1804,1804,1804,1804,1804,1804,1804,1804,1804,1804,1804,1804,1804,1804,1804,1804,1804,1804,1804,1804,1804,1804,0
57,1804,1804,1804,1804,1804,1804,1804,1804,1804,1804,1804,1804,1804,1804,1804,1804,1804,1804,1804,1804,1804,1804,1804,1804,1804,1804,1804,1804,1804,1804,1804,1804,1804,1804,1804,1804,1804,1804,1804,1804,1804,1804,1804,1804,1804,1804,1804,1804,1804,1804,1804,1804,1804,1804,1804,1804,1804,1804,1804,1804,1804,1804,1804,1804,1804,1804,1804,1804,1804,1804,1804,1804,1804,1804,1804,1804,1804,1804,1804,1804,1804,1804,1804,1804,1804,1804,1804,1804,1804,1804,1804,1804,1804,1804,1804,1804,1804,1804,1804,1804,1804,0
58,1804,1804,1804,1804,1804,1804,1804,1804,1804,1804,1804,1804,1804,1804,1804,1804,1804,1804,1804,1804,1804,1804,1804,1804,1804,1804,1804,1804,1804,1804,1804,1804,1804,1804,1804,1804,1804,1804,1804,1804,1804,1804,1804,1804,1804,1804,1804,1804,1804,1804,1804,1804,1804,1804,1804,1804,1804,1804,1804,1804,1804,1804,1804,1804,1804,1804,1804,1804,1804,1804,1804,1804,1804,1804,1804,1804,1804,1804,1804,1804,1804,1804,1804,1804,1804,1804,1804,1804,1804,1804,1804,1804,1804,1804,1804,1804,1804,1804,1804,1804,1804,0
59,1804,1804,1804,1804,1804,1804,1804,1804,1804,1804,1804,1804,1804,1804,1804,1804,1804,1804,1804,1804,1804,1804,1804,1804,1804,1804,1804,1804,1804,1804,1804,1804,1804,1804,1804,1804,1804,1804,1804,1804,1804,1804,1804,1804,1804,1804,1804,1804,1804,1804,1804,1804,1804,1804,1804,1804,1804,1804,1804,1804,1804,1804,1804,1804,1804,1804,1804,1804,1804,1804,1804,1804,1804,1804,1804,1804,1804,1804,1804,1804,1804,1804,1804,1804,1804,1804,1804,1804,1804,1804,1804,1804,1804,1804,1804,1804,1804,1804,1804,1804,1804,0
60,1191,1191,1191,1191,1191,1191,1191,1191,1191,1191,1191,1191,1191,1191,1191,1191,1191,1191,1191,1191,1191,1191,1191,1191,1191,1191,1191,1191,1191,1191,1191,1191,1191,1191,1191,1191,1191,1191,1191,1191,1191,1191,1191,1191,1191,1191,1191,1191,1191,1191,1191,1191,1191,1191,1191,1191,1191,1191,1191,1191,1191,1191,1191,1191,1191,1191,1191,1191,1191,1191,1191,1191,1191,1191,1191,1191,1191,1191,1191,1191,1191,1191,1191,1191,1191,1191,1191,1191,1191,1191,1191,1191,1191,1191,1191,1191,1191,1191,1191,1191,1191,0
61,1191,1191,1191,1191,1191,1191,1191,1191,1191,1191,1191,1191,1191,1191,1191,1191,1191,1191,1191,1191,1191,1191,1191,1191,1191,1191,1191,1191,1191,1191,1191,1191,1191,1191,1191,1191,1191,1191,1191,1191,1191,1191,1191,1191,1191,1191,1191,1191,1191,1191,1191,1191,1191,1191,1191,1191,1191,1191,1191,1191,1191,1191,1191,1191,1191,1191,1191,1191,1191,1191,1191,1191,1191,1191,1191,1191,1191,1191,1191,1191,1191,1191,1191,1191,1191,1191,1191,1191,1191,1191,1191,1191,1191,1191,1191,1191,1191,1191,1191,1191,1191,0
62,1191,1191,1191,1191,1191,1191,1191,1191,1191,1191,1191,1191,1191,1191,1191,1191,1191,1191,1191,1191,1191,1191,1191,1191,1191,1191,1191,1191,1191,1191,1191,1191,1191,1191,1191,1191,1191,1191,1191,1191,1191,1191,1191,1191,1191,1191,1191,1191,1191,1191,1191,1191,1191,1191,1191,1191,1191,1191,1191,1191,1191,1191,1191,1191,1191,1191,1191,1191,1191,1191,1191,1191,1191,1191,1191,1191,1191,1191,1191,1191,1191,1191,1191,1191,1191,1191,1191,1191,1191,1191,1191,1191,1191,1191,1191,1191,1191,1191,1191,1191,1191,0
63,1191,1191,1191,1191,1191,1191,1191,1191,1191,1191,1191,1191,1191,1191,1191,1191,1191,1191,1191,1191,1191,1191,1191,1191,1191,1191,1191,1191,1191,1191,1191,1191,1191,1191,1191,1191,1191,1191,1191,1191,1191,1191,1191,1191,1191,1191,1191,1191,1191,1191,1191,1191,1191,1191,1191,1191,1191,1191,1191,1191,1191,1191,1191,1191,1191,1191,1191,1191,1191,1191,1191,1191,1191,1191,1191,1191,1191,1191,1191,1191,1191,1191,1191,1191,1191,1191,1191,1191,1191,1191,1191,1191,1191,1191,1191,1191,1191,1191,1191,1191,1191,0
64,1191,1191,1191,1191,1191,1191,1191,1191,1191,1191,1191,1191,1191,1191,1191,1191,1191,1191,1191,1191,1191,1191,1191,1191,1191,1191,1191,1191,1191,1191,1191,1191,1191,1191,1191,1191,1191,1191,1191,1191,1191,1191,1191,1191,1191,1191,1191,1191,1191,1191,1191,1191,1191,1191,1191,1191,1191,1191,1191,1191,1191,1191,1191,1191,1191,1191,1191,1191,1191,1191,1191,1191,1191,1191,1191,1191,1191,1191,1191,1191,1191,1191,1191,1191,1191,1191,1191,1191,1191,1191,1191,1191,1191,1191,1191,1191,1191,1191,1191,1191,1191,0
65,438,438,438,438,438,438,438,438,438,438,438,438,438,438,438,438,438,438,438,438,438,438,438,438,438,438,438,438,438,438,438,438,438,438,438,438,438,438,438,438,438,438,438,438,438,438,438,438,438,438,438,438,438,438,438,438,438,438,438,438,438,438,438,438,438,438,438,438,438,438,438,438,438,438,438,438,438,438,438,438,438,438,438,438,438,438,438,438,438,438,438,438,438,438,438,438,438,438,438,438,438,0
66,438,438,438,438,438,438,438,438,438,438,438,438,438,438,438,438,438,438,438,438,438,438,438,438,438,438,438,438,438,438,438,438,438,438,438,438,438,438,438,438,438,438,438,438,438,438,438,438,438,438,438,438,438,438,438,438,438,438,438,438,438,438,438,438,438,438,438,438,438,438,438,438,438,438,438,438,438,438,438,438,438,438,438,438,438,438,438,438,438,438,438,438,438,438,438,438,438,438,438,438,438,0
67,438,438,438,438,438,438,438,438,438,438,438,438,438,438,438,438,438,438,438,438,438,438,438,438,438,438,438,438,438,438,438,438,438,438,438,438,438,438,438,438,438,438,438,438,438,438,438,438,438,438,438,438,438,438,438,438,438,438,438,438,438,438,438,438,438,438,438,438,438,438,438,438,438,438,438,438,438,438,438,438,438,438,438,438,438,438,438,438,438,438,438,438,438,438,438,438,438,438,438,438,438,0
68,438,438,438,438,438,438,438,438,438,438,438,438,438,438,438,438,438,438,438,438,438,438,438,438,438,438,438,438,438,438,438,438,438,438,438,438,438,438,438,438,438,438,438,438,438,438,438,438,438,438,438,438,438,438,438,438,438,438,438,438,438,438,438,438,438,438,438,438,438,438,438,438,438,438,438,438,438,438,438,438,438,438,438,438,438,438,438,438,438,438,438,438,438,438,438,438,438,438,438,438,438,0
69,438,438,438,438,438,438,438,438,438,438,438,438,438,438,438,438,438,438,438,438,438,438,438,438,438,438,438,438,438,438,438,438,438,438,438,438,438,438,438,438,438,438,438,438,438,438,438,438,438,438,438,438,438,438,438,438,438,438,438,438,438,438,438,438,438,438,438,438,438,438,438,438,438,438,438,438,438,438,438,438,438,438,438,438,438,438,438,438,438,438,438,438,438,438,438,438,438,438,438,438,438,0
70,147,147,147,147,147,147,147,147,147,147,147,147,147,147,147,147,147,147,147,147,147,147,147,147,147,147,147,147,147,147,147,147,147,147,147,147,147,147,147,147,147,147,147,147,147,147,147,147,147,147,147,147,147,147,147,147,147,147,147,147,147,147,147,147,147,147,147,147,147,147,147,147,147,147,147,147,147,147,147,147,147,147,147,147,147,147,147,147,147,147,147,147,147,147,147,147,147,147,147,147,147,0
71,147,147,147,147,147,147,147,147,147,147,147,147,147,147,147,147,147,147,147,147,147,147,147,147,147,147,147,147,147,147,147,147,147,147,147,147,147,147,147,147,147,147,147,147,147,147,147,147,147,147,147,147,147,147,147,147,147,147,147,147,147,147,147,147,147,147,147,147,147,147,147,147,147,147,147,147,147,147,147,147,147,147,147,147,147,147,147,147,147,147,147,147,147,147,147,147,147,147,147,147,147,0
72,147,147,147,147,147,147,147,147,147,147,147,147,147,147,147,147,147,147,147,147,147,147,147,147,147,147,147,147,147,147,147,147,147,147,147,147,147,147,147,147,147,147,147,147,147,147,147,147,147,147,147,147,147,147,147,147,147,147,147,147,147,147,147,147,147,147,147,147,147,147,147,147,147,147,147,147,147,147,147,147,147,147,147,147,147,147,147,147,147,147,147,147,147,147,147,147,147,147,147,147,147,0
73,147,147,147,147,147,147,147,147,147,147,147,147,147,147,147,147,147,147,147,147,147,147,147,147,147,147,147,147,147,147,147,147,147,147,147,147,147,147,147,147,147,147,147,147,147,147,147,147,147,147,147,147,147,147,147,147,147,147,147,147,147,147,147,147,147,147,147,147,147,147,147,147,147,147,147,147,147,147,147,147,147,147,147,147,147,147,147,147,147,147,147,147,147,147,147,147,147,147,147,147,147,0
74,147,147,147,147,147,147,147,147,147,147,147,147,147,147,147,147,147,147,147,147,147,147,147,147,147,147,147,147,147,147,147,147,147,147,147,147,147,147,147,147,147,147,147,147,147,147,147,147,147,147,147,147,147,147,147,147,147,147,147,147,147,147,147,147,147,147,147,147,147,147,147,147,147,147,147,147,147,147,147,147,147,147,147,147,147,147,147,147,147,147,147,147,147,147,147,147,147,147,147,147,147,0
75,0,0,0,0,0,0,0,0,0,0,0,0,0,0,0,0,0,0,0,0,0,0,0,0,0,0,0,0,0,0,0,0,0,0,0,0,0,0,0,0,0,0,0,0,0,0,0,0,0,0,0,0,0,0,0,0,0,0,0,0,0,0,0,0,0,0,0,0,0,0,0,0,0,0,0,0,0,0,0,0,0,0,0,0,0,0,0,0,0,0,0,0,0,0,0,0,0,0,0,0,0,0
76,0,0,0,0,0,0,0,0,0,0,0,0,0,0,0,0,0,0,0,0,0,0,0,0,0,0,0,0,0,0,0,0,0,0,0,0,0,0,0,0,0,0,0,0,0,0,0,0,0,0,0,0,0,0,0,0,0,0,0,0,0,0,0,0,0,0,0,0,0,0,0,0,0,0,0,0,0,0,0,0,0,0,0,0,0,0,0,0,0,0,0,0,0,0,0,0,0,0,0,0,0,0
77,0,0,0,0,0,0,0,0,0,0,0,0,0,0,0,0,0,0,0,0,0,0,0,0,0,0,0,0,0,0,0,0,0,0,0,0,0,0,0,0,0,0,0,0,0,0,0,0,0,0,0,0,0,0,0,0,0,0,0,0,0,0,0,0,0,0,0,0,0,0,0,0,0,0,0,0,0,0,0,0,0,0,0,0,0,0,0,0,0,0,0,0,0,0,0,0,0,0,0,0,0,0
78,0,0,0,0,0,0,0,0,0,0,0,0,0,0,0,0,0,0,0,0,0,0,0,0,0,0,0,0,0,0,0,0,0,0,0,0,0,0,0,0,0,0,0,0,0,0,0,0,0,0,0,0,0,0,0,0,0,0,0,0,0,0,0,0,0,0,0,0,0,0,0,0,0,0,0,0,0,0,0,0,0,0,0,0,0,0,0,0,0,0,0,0,0,0,0,0,0,0,0,0,0,0
79,0,0,0,0,0,0,0,0,0,0,0,0,0,0,0,0,0,0,0,0,0,0,0,0,0,0,0,0,0,0,0,0,0,0,0,0,0,0,0,0,0,0,0,0,0,0,0,0,0,0,0,0,0,0,0,0,0,0,0,0,0,0,0,0,0,0,0,0,0,0,0,0,0,0,0,0,0,0,0,0,0,0,0,0,0,0,0,0,0,0,0,0,0,0,0,0,0,0,0,0,0,0
80,0,0,0,0,0,0,0,0,0,0,0,0,0,0,0,0,0,0,0,0,0,0,0,0,0,0,0,0,0,0,0,0,0,0,0,0,0,0,0,0,0,0,0,0,0,0,0,0,0,0,0,0,0,0,0,0,0,0,0,0,0,0,0,0,0,0,0,0,0,0,0,0,0,0,0,0,0,0,0,0,0,0,0,0,0,0,0,0,0,0,0,0,0,0,0,0,0,0,0,0,0,0
81,0,0,0,0,0,0,0,0,0,0,0,0,0,0,0,0,0,0,0,0,0,0,0,0,0,0,0,0,0,0,0,0,0,0,0,0,0,0,0,0,0,0,0,0,0,0,0,0,0,0,0,0,0,0,0,0,0,0,0,0,0,0,0,0,0,0,0,0,0,0,0,0,0,0,0,0,0,0,0,0,0,0,0,0,0,0,0,0,0,0,0,0,0,0,0,0,0,0,0,0,0,0
82,0,0,0,0,0,0,0,0,0,0,0,0,0,0,0,0,0,0,0,0,0,0,0,0,0,0,0,0,0,0,0,0,0,0,0,0,0,0,0,0,0,0,0,0,0,0,0,0,0,0,0,0,0,0,0,0,0,0,0,0,0,0,0,0,0,0,0,0,0,0,0,0,0,0,0,0,0,0,0,0,0,0,0,0,0,0,0,0,0,0,0,0,0,0,0,0,0,0,0,0,0,0
83,0,0,0,0,0,0,0,0,0,0,0,0,0,0,0,0,0,0,0,0,0,0,0,0,0,0,0,0,0,0,0,0,0,0,0,0,0,0,0,0,0,0,0,0,0,0,0,0,0,0,0,0,0,0,0,0,0,0,0,0,0,0,0,0,0,0,0,0,0,0,0,0,0,0,0,0,0,0,0,0,0,0,0,0,0,0,0,0,0,0,0,0,0,0,0,0,0,0,0,0,0,0
84,0,0,0,0,0,0,0,0,0,0,0,0,0,0,0,0,0,0,0,0,0,0,0,0,0,0,0,0,0,0,0,0,0,0,0,0,0,0,0,0,0,0,0,0,0,0,0,0,0,0,0,0,0,0,0,0,0,0,0,0,0,0,0,0,0,0,0,0,0,0,0,0,0,0,0,0,0,0,0,0,0,0,0,0,0,0,0,0,0,0,0,0,0,0,0,0,0,0,0,0,0,0
85,0,0,0,0,0,0,0,0,0,0,0,0,0,0,0,0,0,0,0,0,0,0,0,0,0,0,0,0,0,0,0,0,0,0,0,0,0,0,0,0,0,0,0,0,0,0,0,0,0,0,0,0,0,0,0,0,0,0,0,0,0,0,0,0,0,0,0,0,0,0,0,0,0,0,0,0,0,0,0,0,0,0,0,0,0,0,0,0,0,0,0,0,0,0,0,0,0,0,0,0,0,0
86,0,0,0,0,0,0,0,0,0,0,0,0,0,0,0,0,0,0,0,0,0,0,0,0,0,0,0,0,0,0,0,0,0,0,0,0,0,0,0,0,0,0,0,0,0,0,0,0,0,0,0,0,0,0,0,0,0,0,0,0,0,0,0,0,0,0,0,0,0,0,0,0,0,0,0,0,0,0,0,0,0,0,0,0,0,0,0,0,0,0,0,0,0,0,0,0,0,0,0,0,0,0
87,0,0,0,0,0,0,0,0,0,0,0,0,0,0,0,0,0,0,0,0,0,0,0,0,0,0,0,0,0,0,0,0,0,0,0,0,0,0,0,0,0,0,0,0,0,0,0,0,0,0,0,0,0,0,0,0,0,0,0,0,0,0,0,0,0,0,0,0,0,0,0,0,0,0,0,0,0,0,0,0,0,0,0,0,0,0,0,0,0,0,0,0,0,0,0,0,0,0,0,0,0,0
88,0,0,0,0,0,0,0,0,0,0,0,0,0,0,0,0,0,0,0,0,0,0,0,0,0,0,0,0,0,0,0,0,0,0,0,0,0,0,0,0,0,0,0,0,0,0,0,0,0,0,0,0,0,0,0,0,0,0,0,0,0,0,0,0,0,0,0,0,0,0,0,0,0,0,0,0,0,0,0,0,0,0,0,0,0,0,0,0,0,0,0,0,0,0,0,0,0,0,0,0,0,0
89,0,0,0,0,0,0,0,0,0,0,0,0,0,0,0,0,0,0,0,0,0,0,0,0,0,0,0,0,0,0,0,0,0,0,0,0,0,0,0,0,0,0,0,0,0,0,0,0,0,0,0,0,0,0,0,0,0,0,0,0,0,0,0,0,0,0,0,0,0,0,0,0,0,0,0,0,0,0,0,0,0,0,0,0,0,0,0,0,0,0,0,0,0,0,0,0,0,0,0,0,0,0
90,0,0,0,0,0,0,0,0,0,0,0,0,0,0,0,0,0,0,0,0,0,0,0,0,0,0,0,0,0,0,0,0,0,0,0,0,0,0,0,0,0,0,0,0,0,0,0,0,0,0,0,0,0,0,0,0,0,0,0,0,0,0,0,0,0,0,0,0,0,0,0,0,0,0,0,0,0,0,0,0,0,0,0,0,0,0,0,0,0,0,0,0,0,0,0,0,0,0,0,0,0,0
91,0,0,0,0,0,0,0,0,0,0,0,0,0,0,0,0,0,0,0,0,0,0,0,0,0,0,0,0,0,0,0,0,0,0,0,0,0,0,0,0,0,0,0,0,0,0,0,0,0,0,0,0,0,0,0,0,0,0,0,0,0,0,0,0,0,0,0,0,0,0,0,0,0,0,0,0,0,0,0,0,0,0,0,0,0,0,0,0,0,0,0,0,0,0,0,0,0,0,0,0,0,0
92,0,0,0,0,0,0,0,0,0,0,0,0,0,0,0,0,0,0,0,0,0,0,0,0,0,0,0,0,0,0,0,0,0,0,0,0,0,0,0,0,0,0,0,0,0,0,0,0,0,0,0,0,0,0,0,0,0,0,0,0,0,0,0,0,0,0,0,0,0,0,0,0,0,0,0,0,0,0,0,0,0,0,0,0,0,0,0,0,0,0,0,0,0,0,0,0,0,0,0,0,0,0
93,0,0,0,0,0,0,0,0,0,0,0,0,0,0,0,0,0,0,0,0,0,0,0,0,0,0,0,0,0,0,0,0,0,0,0,0,0,0,0,0,0,0,0,0,0,0,0,0,0,0,0,0,0,0,0,0,0,0,0,0,0,0,0,0,0,0,0,0,0,0,0,0,0,0,0,0,0,0,0,0,0,0,0,0,0,0,0,0,0,0,0,0,0,0,0,0,0,0,0,0,0,0
94,0,0,0,0,0,0,0,0,0,0,0,0,0,0,0,0,0,0,0,0,0,0,0,0,0,0,0,0,0,0,0,0,0,0,0,0,0,0,0,0,0,0,0,0,0,0,0,0,0,0,0,0,0,0,0,0,0,0,0,0,0,0,0,0,0,0,0,0,0,0,0,0,0,0,0,0,0,0,0,0,0,0,0,0,0,0,0,0,0,0,0,0,0,0,0,0,0,0,0,0,0,0
95,0,0,0,0,0,0,0,0,0,0,0,0,0,0,0,0,0,0,0,0,0,0,0,0,0,0,0,0,0,0,0,0,0,0,0,0,0,0,0,0,0,0,0,0,0,0,0,0,0,0,0,0,0,0,0,0,0,0,0,0,0,0,0,0,0,0,0,0,0,0,0,0,0,0,0,0,0,0,0,0,0,0,0,0,0,0,0,0,0,0,0,0,0,0,0,0,0,0,0,0,0,0
96,0,0,0,0,0,0,0,0,0,0,0,0,0,0,0,0,0,0,0,0,0,0,0,0,0,0,0,0,0,0,0,0,0,0,0,0,0,0,0,0,0,0,0,0,0,0,0,0,0,0,0,0,0,0,0,0,0,0,0,0,0,0,0,0,0,0,0,0,0,0,0,0,0,0,0,0,0,0,0,0,0,0,0,0,0,0,0,0,0,0,0,0,0,0,0,0,0,0,0,0,0,0
97,0,0,0,0,0,0,0,0,0,0,0,0,0,0,0,0,0,0,0,0,0,0,0,0,0,0,0,0,0,0,0,0,0,0,0,0,0,0,0,0,0,0,0,0,0,0,0,0,0,0,0,0,0,0,0,0,0,0,0,0,0,0,0,0,0,0,0,0,0,0,0,0,0,0,0,0,0,0,0,0,0,0,0,0,0,0,0,0,0,0,0,0,0,0,0,0,0,0,0,0,0,0
98,0,0,0,0,0,0,0,0,0,0,0,0,0,0,0,0,0,0,0,0,0,0,0,0,0,0,0,0,0,0,0,0,0,0,0,0,0,0,0,0,0,0,0,0,0,0,0,0,0,0,0,0,0,0,0,0,0,0,0,0,0,0,0,0,0,0,0,0,0,0,0,0,0,0,0,0,0,0,0,0,0,0,0,0,0,0,0,0,0,0,0,0,0,0,0,0,0,0,0,0,0,0
99,0,0,0,0,0,0,0,0,0,0,0,0,0,0,0,0,0,0,0,0,0,0,0,0,0,0,0,0,0,0,0,0,0,0,0,0,0,0,0,0,0,0,0,0,0,0,0,0,0,0,0,0,0,0,0,0,0,0,0,0,0,0,0,0,0,0,0,0,0,0,0,0,0,0,0,0,0,0,0,0,0,0,0,0,0,0,0,0,0,0,0,0,0,0,0,0,0,0,0,0,0,0
100,0,0,0,0,0,0,0,0,0,0,0,0,0,0,0,0,0,0,0,0,0,0,0,0,0,0,0,0,0,0,0,0,0,0,0,0,0,0,0,0,0,0,0,0,0,0,0,0,0,0,0,0,0,0,0,0,0,0,0,0,0,0,0,0,0,0,0,0,0,0,0,0,0,0,0,0,0,0,0,0,0,0,0,0,0,0,0,0,0,0,0,0,0,0,0,0,0,0,0,0,0,0
101,0,0,0,0,0,0,0,0,0,0,0,0,0,0,0,0,0,0,0,0,0,0,0,0,0,0,0,0,0,0,0,0,0,0,0,0,0,0,0,0,0,0,0,0,0,0,0,0,0,0,0,0,0,0,0,0,0,0,0,0,0,0,0,0,0,0,0,0,0,0,0,0,0,0,0,0,0,0,0,0,0,0,0,0,0,0,0,0,0,0,0,0,0,0,0,0,0,0,0,0,0,0
102,0,0,0,0,0,0,0,0,0,0,0,0,0,0,0,0,0,0,0,0,0,0,0,0,0,0,0,0,0,0,0,0,0,0,0,0,0,0,0,0,0,0,0,0,0,0,0,0,0,0,0,0,0,0,0,0,0,0,0,0,0,0,0,0,0,0,0,0,0,0,0,0,0,0,0,0,0,0,0,0,0,0,0,0,0,0,0,0,0,0,0,0,0,0,0,0,0,0,0,0,0,0
103,0,0,0,0,0,0,0,0,0,0,0,0,0,0,0,0,0,0,0,0,0,0,0,0,0,0,0,0,0,0,0,0,0,0,0,0,0,0,0,0,0,0,0,0,0,0,0,0,0,0,0,0,0,0,0,0,0,0,0,0,0,0,0,0,0,0,0,0,0,0,0,0,0,0,0,0,0,0,0,0,0,0,0,0,0,0,0,0,0,0,0,0,0,0,0,0,0,0,0,0,0,0
104,0,0,0,0,0,0,0,0,0,0,0,0,0,0,0,0,0,0,0,0,0,0,0,0,0,0,0,0,0,0,0,0,0,0,0,0,0,0,0,0,0,0,0,0,0,0,0,0,0,0,0,0,0,0,0,0,0,0,0,0,0,0,0,0,0,0,0,0,0,0,0,0,0,0,0,0,0,0,0,0,0,0,0,0,0,0,0,0,0,0,0,0,0,0,0,0,0,0,0,0,0,0
105,0,0,0,0,0,0,0,0,0,0,0,0,0,0,0,0,0,0,0,0,0,0,0,0,0,0,0,0,0,0,0,0,0,0,0,0,0,0,0,0,0,0,0,0,0,0,0,0,0,0,0,0,0,0,0,0,0,0,0,0,0,0,0,0,0,0,0,0,0,0,0,0,0,0,0,0,0,0,0,0,0,0,0,0,0,0,0,0,0,0,0,0,0,0,0,0,0,0,0,0,0,0
106,0,0,0,0,0,0,0,0,0,0,0,0,0,0,0,0,0,0,0,0,0,0,0,0,0,0,0,0,0,0,0,0,0,0,0,0,0,0,0,0,0,0,0,0,0,0,0,0,0,0,0,0,0,0,0,0,0,0,0,0,0,0,0,0,0,0,0,0,0,0,0,0,0,0,0,0,0,0,0,0,0,0,0,0,0,0,0,0,0,0,0,0,0,0,0,0,0,0,0,0,0,0
107,0,0,0,0,0,0,0,0,0,0,0,0,0,0,0,0,0,0,0,0,0,0,0,0,0,0,0,0,0,0,0,0,0,0,0,0,0,0,0,0,0,0,0,0,0,0,0,0,0,0,0,0,0,0,0,0,0,0,0,0,0,0,0,0,0,0,0,0,0,0,0,0,0,0,0,0,0,0,0,0,0,0,0,0,0,0,0,0,0,0,0,0,0,0,0,0,0,0,0,0,0,0
108,0,0,0,0,0,0,0,0,0,0,0,0,0,0,0,0,0,0,0,0,0,0,0,0,0,0,0,0,0,0,0,0,0,0,0,0,0,0,0,0,0,0,0,0,0,0,0,0,0,0,0,0,0,0,0,0,0,0,0,0,0,0,0,0,0,0,0,0,0,0,0,0,0,0,0,0,0,0,0,0,0,0,0,0,0,0,0,0,0,0,0,0,0,0,0,0,0,0,0,0,0,0
109,0,0,0,0,0,0,0,0,0,0,0,0,0,0,0,0,0,0,0,0,0,0,0,0,0,0,0,0,0,0,0,0,0,0,0,0,0,0,0,0,0,0,0,0,0,0,0,0,0,0,0,0,0,0,0,0,0,0,0,0,0,0,0,0,0,0,0,0,0,0,0,0,0,0,0,0,0,0,0,0,0,0,0,0,0,0,0,0,0,0,0,0,0,0,0,0,0,0,0,0,0,0
110,0,0,0,0,0,0,0,0,0,0,0,0,0,0,0,0,0,0,0,0,0,0,0,0,0,0,0,0,0,0,0,0,0,0,0,0,0,0,0,0,0,0,0,0,0,0,0,0,0,0,0,0,0,0,0,0,0,0,0,0,0,0,0,0,0,0,0,0,0,0,0,0,0,0,0,0,0,0,0,0,0,0,0,0,0,0,0,0,0,0,0,0,0,0,0,0,0,0,0,0,0,0
111,0,0,0,0,0,0,0,0,0,0,0,0,0,0,0,0,0,0,0,0,0,0,0,0,0,0,0,0,0,0,0,0,0,0,0,0,0,0,0,0,0,0,0,0,0,0,0,0,0,0,0,0,0,0,0,0,0,0,0,0,0,0,0,0,0,0,0,0,0,0,0,0,0,0,0,0,0,0,0,0,0,0,0,0,0,0,0,0,0,0,0,0,0,0,0,0,0,0,0,0,0,0
112,0,0,0,0,0,0,0,0,0,0,0,0,0,0,0,0,0,0,0,0,0,0,0,0,0,0,0,0,0,0,0,0,0,0,0,0,0,0,0,0,0,0,0,0,0,0,0,0,0,0,0,0,0,0,0,0,0,0,0,0,0,0,0,0,0,0,0,0,0,0,0,0,0,0,0,0,0,0,0,0,0,0,0,0,0,0,0,0,0,0,0,0,0,0,0,0,0,0,0,0,0,0
113,0,0,0,0,0,0,0,0,0,0,0,0,0,0,0,0,0,0,0,0,0,0,0,0,0,0,0,0,0,0,0,0,0,0,0,0,0,0,0,0,0,0,0,0,0,0,0,0,0,0,0,0,0,0,0,0,0,0,0,0,0,0,0,0,0,0,0,0,0,0,0,0,0,0,0,0,0,0,0,0,0,0,0,0,0,0,0,0,0,0,0,0,0,0,0,0,0,0,0,0,0,0
114,0,0,0,0,0,0,0,0,0,0,0,0,0,0,0,0,0,0,0,0,0,0,0,0,0,0,0,0,0,0,0,0,0,0,0,0,0,0,0,0,0,0,0,0,0,0,0,0,0,0,0,0,0,0,0,0,0,0,0,0,0,0,0,0,0,0,0,0,0,0,0,0,0,0,0,0,0,0,0,0,0,0,0,0,0,0,0,0,0,0,0,0,0,0,0,0,0,0,0,0,0,0
115,0,0,0,0,0,0,0,0,0,0,0,0,0,0,0,0,0,0,0,0,0,0,0,0,0,0,0,0,0,0,0,0,0,0,0,0,0,0,0,0,0,0,0,0,0,0,0,0,0,0,0,0,0,0,0,0,0,0,0,0,0,0,0,0,0,0,0,0,0,0,0,0,0,0,0,0,0,0,0,0,0,0,0,0,0,0,0,0,0,0,0,0,0,0,0,0,0,0,0,0,0,0
116,0,0,0,0,0,0,0,0,0,0,0,0,0,0,0,0,0,0,0,0,0,0,0,0,0,0,0,0,0,0,0,0,0,0,0,0,0,0,0,0,0,0,0,0,0,0,0,0,0,0,0,0,0,0,0,0,0,0,0,0,0,0,0,0,0,0,0,0,0,0,0,0,0,0,0,0,0,0,0,0,0,0,0,0,0,0,0,0,0,0,0,0,0,0,0,0,0,0,0,0,0,0
117,0,0,0,0,0,0,0,0,0,0,0,0,0,0,0,0,0,0,0,0,0,0,0,0,0,0,0,0,0,0,0,0,0,0,0,0,0,0,0,0,0,0,0,0,0,0,0,0,0,0,0,0,0,0,0,0,0,0,0,0,0,0,0,0,0,0,0,0,0,0,0,0,0,0,0,0,0,0,0,0,0,0,0,0,0,0,0,0,0,0,0,0,0,0,0,0,0,0,0,0,0,0
118,0,0,0,0,0,0,0,0,0,0,0,0,0,0,0,0,0,0,0,0,0,0,0,0,0,0,0,0,0,0,0,0,0,0,0,0,0,0,0,0,0,0,0,0,0,0,0,0,0,0,0,0,0,0,0,0,0,0,0,0,0,0,0,0,0,0,0,0,0,0,0,0,0,0,0,0,0,0,0,0,0,0,0,0,0,0,0,0,0,0,0,0,0,0,0,0,0,0,0,0,0,0
119,0,0,0,0,0,0,0,0,0,0,0,0,0,0,0,0,0,0,0,0,0,0,0,0,0,0,0,0,0,0,0,0,0,0,0,0,0,0,0,0,0,0,0,0,0,0,0,0,0,0,0,0,0,0,0,0,0,0,0,0,0,0,0,0,0,0,0,0,0,0,0,0,0,0,0,0,0,0,0,0,0,0,0,0,0,0,0,0,0,0,0,0,0,0,0,0,0,0,0,0,0,0
120,0,0,0,0,0,0,0,0,0,0,0,0,0,0,0,0,0,0,0,0,0,0,0,0,0,0,0,0,0,0,0,0,0,0,0,0,0,0,0,0,0,0,0,0,0,0,0,0,0,0,0,0,0,0,0,0,0,0,0,0,0,0,0,0,0,0,0,0,0,0,0,0,0,0,0,0,0,0,0,0,0,0,0,0,0,0,0,0,0,0,0,0,0,0,0,0,0,0,0,0,0,0
121,0,0,0,0,0,0,0,0,0,0,0,0,0,0,0,0,0,0,0,0,0,0,0,0,0,0,0,0,0,0,0,0,0,0,0,0,0,0,0,0,0,0,0,0,0,0,0,0,0,0,0,0,0,0,0,0,0,0,0,0,0,0,0,0,0,0,0,0,0,0,0,0,0,0,0,0,0,0,0,0,0,0,0,0,0,0,0,0,0,0,0,0,0,0,0,0,0,0,0,0,0,0
122,0,0,0,0,0,0,0,0,0,0,0,0,0,0,0,0,0,0,0,0,0,0,0,0,0,0,0,0,0,0,0,0,0,0,0,0,0,0,0,0,0,0,0,0,0,0,0,0,0,0,0,0,0,0,0,0,0,0,0,0,0,0,0,0,0,0,0,0,0,0,0,0,0,0,0,0,0,0,0,0,0,0,0,0,0,0,0,0,0,0,0,0,0,0,0,0,0,0,0,0,0,0
123,0,0,0,0,0,0,0,0,0,0,0,0,0,0,0,0,0,0,0,0,0,0,0,0,0,0,0,0,0,0,0,0,0,0,0,0,0,0,0,0,0,0,0,0,0,0,0,0,0,0,0,0,0,0,0,0,0,0,0,0,0,0,0,0,0,0,0,0,0,0,0,0,0,0,0,0,0,0,0,0,0,0,0,0,0,0,0,0,0,0,0,0,0,0,0,0,0,0,0,0,0,0
124,0,0,0,0,0,0,0,0,0,0,0,0,0,0,0,0,0,0,0,0,0,0,0,0,0,0,0,0,0,0,0,0,0,0,0,0,0,0,0,0,0,0,0,0,0,0,0,0,0,0,0,0,0,0,0,0,0,0,0,0,0,0,0,0,0,0,0,0,0,0,0,0,0,0,0,0,0,0,0,0,0,0,0,0,0,0,0,0,0,0,0,0,0,0,0,0,0,0,0,0,0,0
125,0,0,0,0,0,0,0,0,0,0,0,0,0,0,0,0,0,0,0,0,0,0,0,0,0,0,0,0,0,0,0,0,0,0,0,0,0,0,0,0,0,0,0,0,0,0,0,0,0,0,0,0,0,0,0,0,0,0,0,0,0,0,0,0,0,0,0,0,0,0,0,0,0,0,0,0,0,0,0,0,0,0,0,0,0,0,0,0,0,0,0,0,0,0,0,0,0,0,0,0,0,0